State,City
Andaman and Nico.In.,NICOBARS
Andaman and Nico.In.,NORTH AND MIDDLE ANDAMAN
Andaman and Nico.In.,SOUTH ANDAMANS
Andhra Pradesh,ANANTAPUR
Andhra Pradesh,ANNAMAYYA
Andhra Pradesh,CHITTOOR
Andhra Pradesh,EAST GODAVARI
Andhra Pradesh,GUNTUR
Andhra Pradesh,KRISHNA
Andhra Pradesh,KURNOOL
Andhra Pradesh,NANDYAL
Andhra Pradesh,PRAKASAM
Andhra Pradesh,SPSR NELLORE
Andhra Pradesh,SRIKAKULAM
Andhra Pradesh,TIRUPATI
Andhra Pradesh,VISAKHAPATANAM
Andhra Pradesh,VIZIANAGARAM
Andhra Pradesh,WEST GODAVARI
Andhra Pradesh,Y.S.R.
Arunachal Pradesh,ANJAW
Arunachal Pradesh,CHANGLANG
Arunachal Pradesh,DIBANG VALLEY
Arunachal Pradesh,EAST KAMENG
Arunachal Pradesh,EAST SIANG
Arunachal Pradesh,KURUNG KUMEY
Arunachal Pradesh,LOHIT
Arunachal Pradesh,LONGDING
Arunachal Pradesh,LOWER DIBANG VALLEY
Arunachal Pradesh,LOWER SUBANSIRI
Arunachal Pradesh,PAPUM PARE
Arunachal Pradesh,SIANG
Arunachal Pradesh,TAWANG
Arunachal Pradesh,TIRAP
Arunachal Pradesh,UPPER SIANG
Arunachal Pradesh,UPPER SUBANSIRI
Arunachal Pradesh,WEST KAMENG
Arunachal Pradesh,WEST SIANG
Assam,BAKSA
Assam,BARPETA
Assam,BISWANATH
Assam,BONGAIGAON
Assam,CACHAR
Assam,CHARAIDEO
Assam,CHIRANG
Assam,DARRANG
Assam,DHEMAJI
Assam,DHUBRI
Assam,DIBRUGARH
Assam,DIMA HASAO
Assam,GOALPARA
Assam,GOLAGHAT
Assam,HAILAKANDI
Assam,HOJAI
Assam,JORHAT
Assam,KAMRUP
Assam,KAMRUP METRO
Assam,KARBI ANGLONG
Assam,KARIMGANJ
Assam,KOKRAJHAR
Assam,LAKHIMPUR
Assam,MAJULI
Assam,MARIGAON
Assam,NAGAON
Assam,NALBARI
Assam,SIVASAGAR
Assam,SONITPUR
Assam,SOUTH SALMARA MANCACHAR
Assam,TINSUKIA
Assam,UDALGURI
Assam,WEST KARBI ANGLONG
Bihar,ARARIA
Bihar,ARWAL
Bihar,AURANGABAD
Bihar,BANKA
Bihar,BEGUSARAI
Bihar,BHAGALPUR
Bihar,BHOJPUR
Bihar,BUXAR
Bihar,DARBHANGA
Bihar,GAYA
Bihar,GOPALGANJ
Bihar,JAMUI
Bihar,JEHANABAD
Bihar,KAIMUR (BHABUA)
Bihar,KATIHAR
Bihar,KHAGARIA
Bihar,KISHANGANJ
Bihar,LAKHISARAI
Bihar,MADHEPURA
Bihar,MADHUBANI
Bihar,MUNGER
Bihar,MUZAFFARPUR
Bihar,NALANDA
Bihar,NAWADA
Bihar,PASHCHIM CHAMPARAN
Bihar,PATNA
Bihar,PURBI CHAMPARAN
Bihar,PURNIA
Bihar,ROHTAS
Bihar,SAHARSA
Bihar,SAMASTIPUR
Bihar,SARAN
Bihar,SHEIKHPURA
Bihar,SHEOHAR
Bihar,SITAMARHI
Bihar,SIWAN
Bihar,SUPAUL
Bihar,VAISHALI
Chandigarh,CHANDIGARH
Chattisgarh,BALOD
Chattisgarh,BALODA BAZAR
Chattisgarh,BALRAMPUR
Chattisgarh,BASTAR
Chattisgarh,BEMETARA
Chattisgarh,BIJAPUR
Chattisgarh,BILASPUR
Chattisgarh,DANTEWADA
Chattisgarh,DHAMTARI
Chattisgarh,DURG
Chattisgarh,GARIYABAND
Chattisgarh,GAURELLA PENDRA MARWAHI
Chattisgarh,JANJGIR-CHAMPA
Chattisgarh,JASHPUR
Chattisgarh,KABIRDHAM
Chattisgarh,KANKER
Chattisgarh,KONDAGAON
Chattisgarh,KORBA
Chattisgarh,KOREA
Chattisgarh,MAHASAMUND
Chattisgarh,MUNGELI
Chattisgarh,NARAYANPUR
Chattisgarh,RAIGARH
Chattisgarh,RAIPUR
Chattisgarh,RAJNANDGAON
Chattisgarh,SUKMA
Chattisgarh,SURAJPUR
Chattisgarh,SURGUJA
Dadra and Nagar Hav.,DADRA AND NAGAR HAVELI
Daman and Diu,DAMAN
Daman and Diu,DIU
Delhi,CENTRAL
Delhi,EAST
Delhi,NEW DELHI
Delhi,NORTH
Delhi,NORTH EAST
Delhi,NORTH WEST
Delhi,SHAHDARA
Delhi,SOUTH
Delhi,SOUTH EAST
Delhi,SOUTH WEST
Delhi,WEST
Goa,NORTH GOA
Goa,SOUTH GOA
Gujarat,AHMADABAD
Gujarat,AMRELI
Gujarat,ANAND
Gujarat,ARVALLI
Gujarat,BANAS KANTHA
Gujarat,BHARUCH
Gujarat,BHAVNAGAR
Gujarat,BOTAD
Gujarat,CHHOTAUDEPUR
Gujarat,DANG
Gujarat,DEVBHUMI DWARKA
Gujarat,DOHAD
Gujarat,GANDHINAGAR
Gujarat,GIR SOMNATH
Gujarat,JAMNAGAR
Gujarat,JUNAGADH
Gujarat,KACHCHH
Gujarat,KHEDA
Gujarat,MAHESANA
Gujarat,MAHISAGAR
Gujarat,MORBI
Gujarat,NARMADA
Gujarat,NAVSARI
Gujarat,PANCH MAHALS
Gujarat,PATAN
Gujarat,PORBANDAR
Gujarat,RAJKOT
Gujarat,SABAR KANTHA
Gujarat,SURAT
Gujarat,SURENDRANAGAR
Gujarat,TAPI
Gujarat,VADODARA
Gujarat,VALSAD
Haryana,AMBALA
Haryana,BHIWANI
Haryana,CHARKI DADRI
Haryana,FARIDABAD
Haryana,FATEHABAD
Haryana,GURUGRAM
Haryana,HISAR
Haryana,JHAJJAR
Haryana,JIND
Haryana,KAITHAL
Haryana,KARNAL
Haryana,KURUKSHETRA
Haryana,MAHENDRAGARH
Haryana,NUH
Haryana,PALWAL
Haryana,PANCHKULA
Haryana,PANIPAT
Haryana,REWARI
Haryana,ROHTAK
Haryana,SIRSA
Haryana,SONIPAT
Haryana,YAMUNANAGAR
Himachal Pradesh,BILASPUR
Himachal Pradesh,CHAMBA
Himachal Pradesh,HAMIRPUR
Himachal Pradesh,KANGRA
Himachal Pradesh,KINNAUR
Himachal Pradesh,KULLU
Himachal Pradesh,LAHUL AND SPITI
Himachal Pradesh,MANDI
Himachal Pradesh,SHIMLA
Himachal Pradesh,SIRMAUR
Himachal Pradesh,SOLAN
Himachal Pradesh,UNA
Jammu and Kashmir,ANANTNAG
Jammu and Kashmir,BANDIPORA
Jammu and Kashmir,BARAMULLA
Jammu and Kashmir,BUDGAM
Jammu and Kashmir,DODA
Jammu and Kashmir,GANDERBAL
Jammu and Kashmir,JAMMU
Jammu and Kashmir,KATHUA
Jammu and Kashmir,KISHTWAR
Jammu and Kashmir,KULGAM
Jammu and Kashmir,KUPWARA
Jammu and Kashmir,POONCH
Jammu and Kashmir,PULWAMA
Jammu and Kashmir,RAJOURI
Jammu and Kashmir,RAMBAN
Jammu and Kashmir,REASI
Jammu and Kashmir,SAMBA
Jammu and Kashmir,SHOPIAN
Jammu and Kashmir,SRINAGAR
Jammu and Kashmir,UDHAMPUR
Jharkhand,BOKARO
Jharkhand,CHATRA
Jharkhand,DEOGHAR
Jharkhand,DHANBAD
Jharkhand,DUMKA
Jharkhand,EAST SINGHBUM
Jharkhand,GARHWA
Jharkhand,GIRIDIH
Jharkhand,GODDA
Jharkhand,GUMLA
Jharkhand,HAZARIBAGH
Jharkhand,JAMTARA
Jharkhand,KHUNTI
Jharkhand,KODERMA
Jharkhand,LATEHAR
Jharkhand,LOHARDAGA
Jharkhand,PAKUR
Jharkhand,PALAMU
Jharkhand,RAMGARH
Jharkhand,RANCHI
Jharkhand,SAHEBGANJ
Jharkhand,SARAIKELA KHARSAWAN
Jharkhand,SIMDEGA
Jharkhand,WEST SINGHBHUM
Karnataka,BAGALKOTE
Karnataka,BALLARI
Karnataka,BELAGAVI
Karnataka,BENGALURU RURAL
Karnataka,BENGALURU URBAN
Karnataka,BIDAR
Karnataka,CHAMARAJANAGARA
Karnataka,CHIKKABALLAPURA
Karnataka,CHIKKAMAGALURU
Karnataka,CHITRADURGA
Karnataka,DAKSHINA KANNADA
Karnataka,DAVANGERE
Karnataka,DHARWAD
Karnataka,GADAG
Karnataka,HASSAN
Karnataka,HAVERI
Karnataka,KALABURAGI
Karnataka,KODAGU
Karnataka,KOLAR
Karnataka,KOPPAL
Karnataka,MANDYA
Karnataka,MYSURU
Karnataka,RAICHUR
Karnataka,RAMANAGARA
Karnataka,SHIVAMOGGA
Karnataka,TUMAKURU
Karnataka,UDUPI
Karnataka,UTTARA KANNADA
Karnataka,VIJAYAPURA
Karnataka,YADGIR
Kerala,ALAPPUZHA
Kerala,ERNAKULAM
Kerala,IDUKKI
Kerala,KANNUR
Kerala,KASARAGOD
Kerala,KOLLAM
Kerala,KOTTAYAM
Kerala,KOZHIKODE
Kerala,MALAPPURAM
Kerala,PALAKKAD
Kerala,PATHANAMTHITTA
Kerala,THIRUVANANTHAPURAM
Kerala,THRISSUR
Kerala,WAYANAD
Ladakh,KARGIL
Ladakh,LEH LADAKH
Lakshadweep,LAKSHADWEEP DISTRICT
Madhya Pradesh,AGAR MALWA
Madhya Pradesh,ALIRAJPUR
Madhya Pradesh,ANUPPUR
Madhya Pradesh,ASHOKNAGAR
Madhya Pradesh,BALAGHAT
Madhya Pradesh,BARWANI
Madhya Pradesh,BETUL
Madhya Pradesh,BHIND
Madhya Pradesh,BHOPAL
Madhya Pradesh,BURHANPUR
Madhya Pradesh,CHHATARPUR
Madhya Pradesh,CHHINDWARA
Madhya Pradesh,DAMOH
Madhya Pradesh,DATIA
Madhya Pradesh,DEWAS
Madhya Pradesh,DHAR
Madhya Pradesh,DINDORI
Madhya Pradesh,EAST NIMAR
Madhya Pradesh,GUNA
Madhya Pradesh,GWALIOR
Madhya Pradesh,HARDA
Madhya Pradesh,HOSHANGABAD
Madhya Pradesh,INDORE
Madhya Pradesh,JABALPUR
Madhya Pradesh,JHABUA
Madhya Pradesh,KATNI
Madhya Pradesh,KHARGONE
Madhya Pradesh,MANDLA
Madhya Pradesh,MANDSAUR
Madhya Pradesh,MORENA
Madhya Pradesh,NARSINGHPUR
Madhya Pradesh,NEEMUCH
Madhya Pradesh,NIWARI
Madhya Pradesh,PANNA
Madhya Pradesh,RAISEN
Madhya Pradesh,RAJGARH
Madhya Pradesh,RATLAM
Madhya Pradesh,REWA
Madhya Pradesh,SAGAR
Madhya Pradesh,SATNA
Madhya Pradesh,SEHORE
Madhya Pradesh,SEONI
Madhya Pradesh,SHAHDOL
Madhya Pradesh,SHAJAPUR
Madhya Pradesh,SHEOPUR
Madhya Pradesh,SHIVPURI
Madhya Pradesh,SIDHI
Madhya Pradesh,SINGRAULI
Madhya Pradesh,TIKAMGARH
Madhya Pradesh,UJJAIN
Madhya Pradesh,UMARIA
Madhya Pradesh,VIDISHA
Maharashtra,AHMEDNAGAR
Maharashtra,AKOLA
Maharashtra,AMRAVATI
Maharashtra,AURANGABAD
Maharashtra,BEED
Maharashtra,BHANDARA
Maharashtra,BULDHANA
Maharashtra,CHANDRAPUR
Maharashtra,DHULE
Maharashtra,GADCHIROLI
Maharashtra,GONDIA
Maharashtra,HINGOLI
Maharashtra,JALGAON
Maharashtra,JALNA
Maharashtra,KOLHAPUR
Maharashtra,LATUR
Maharashtra,MUMBAI
Maharashtra,MUMBAI SUBURBAN
Maharashtra,NAGPUR
Maharashtra,NANDED
Maharashtra,NANDURBAR
Maharashtra,NASHIK
Maharashtra,OSMANABAD
Maharashtra,PALGHAR
Maharashtra,PARBHANI
Maharashtra,PUNE
Maharashtra,RAIGAD
Maharashtra,RATNAGIRI
Maharashtra,SANGLI
Maharashtra,SATARA
Maharashtra,SINDHUDURG
Maharashtra,SOLAPUR
Maharashtra,THANE
Maharashtra,WARDHA
Maharashtra,WASHIM
Maharashtra,YAVATMAL
Manipur,BISHNUPUR
Manipur,CHANDEL
Manipur,CHURACHANDPUR
Manipur,IMPHAL EAST
Manipur,IMPHAL WEST
Manipur,JIRIBAM
Manipur,KAKCHING
Manipur,KAMJONG
Manipur,KANGPOKPI
Manipur,NONEY
Manipur,PHERZAWL
Manipur,SENAPATI
Manipur,TAMENGLONG
Manipur,TENGNOUPAL
Manipur,THOUBAL
Manipur,UKHRUL
Megalaya,EAST GARO HILLS
Megalaya,EAST JAINTIA HILLS
Megalaya,EAST KHASI HILLS
Megalaya,NORTH GARO HILLS
Megalaya,RI BHOI
Megalaya,SOUTH GARO HILLS
Megalaya,SOUTH WEST GARO HILLS
Megalaya,SOUTH WEST KHASI HILLS
Megalaya,WEST GARO HILLS
Megalaya,WEST JAINTIA HILLS
Megalaya,WEST KHASI HILLS
Mizoram,AIZAWL
Mizoram,CHAMPHAI
Mizoram,HNAHTHIAL
Mizoram,KHAWZAWL
Mizoram,KOLASIB
Mizoram,LAWNGTLAI
Mizoram,LUNGLEI
Mizoram,MAMIT
Mizoram,SAIHA
Mizoram,SAITUAL
Mizoram,SERCHHIP
Nagaland,DIMAPUR
Nagaland,KIPHIRE
Nagaland,KOHIMA
Nagaland,LONGLENG
Nagaland,MOKOKCHUNG
Nagaland,MON
Nagaland,PEREN
Nagaland,PHEK
Nagaland,TUENSANG
Nagaland,WOKHA
Nagaland,ZUNHEBOTO
Odisha,ANUGUL
Odisha,BALANGIR
Odisha,BALESHWAR
Odisha,BARGARH
Odisha,BHADRAK
Odisha,BOUDH
Odisha,CUTTACK
Odisha,DEOGARH
Odisha,DHENKANAL
Odisha,GAJAPATI
Odisha,GANJAM
Odisha,JAGATSINGHAPUR
Odisha,JAJAPUR
Odisha,JHARSUGUDA
Odisha,KALAHANDI
Odisha,KANDHAMAL
Odisha,KENDRAPARA
Odisha,KENDUJHAR
Odisha,KHORDHA
Odisha,KORAPUT
Odisha,MALKANGIRI
Odisha,MAYURBHANJ
Odisha,NABARANGPUR
Odisha,NAYAGARH
Odisha,NUAPADA
Odisha,PURI
Odisha,RAYAGADA
Odisha,SAMBALPUR
Odisha,SONEPUR
Odisha,SUNDARGARH
Pondicherry,PONDICHERRY
Punjab,AMRITSAR
Punjab,BARNALA
Punjab,BATHINDA
Punjab,FARIDKOT
Punjab,FATEHGARH SAHIB
Punjab,FAZILKA
Punjab,FIROZEPUR
Punjab,GURDASPUR
Punjab,HOSHIARPUR
Punjab,JALANDHAR
Punjab,KAPURTHALA
Punjab,LUDHIANA
Punjab,MANSA
Punjab,MOGA
Punjab,PATHANKOT
Punjab,PATIALA
Punjab,RUPNAGAR
Punjab,S.A.S NAGAR
Punjab,SANGRUR
Punjab,SHAHID BHAGAT SINGH NAGAR
Punjab,SRI MUKTSAR SAHIB
Punjab,TARN TARAN
Rajasthan,AJMER
Rajasthan,ALWAR
Rajasthan,BANSWARA
Rajasthan,BARAN
Rajasthan,BARMER
Rajasthan,BHARATPUR
Rajasthan,BHILWARA
Rajasthan,BIKANER
Rajasthan,BUNDI
Rajasthan,CHITTORGARH
Rajasthan,CHURU
Rajasthan,DAUSA
Rajasthan,DHOLPUR
Rajasthan,DUNGARPUR
Rajasthan,GANGANAGAR
Rajasthan,HANUMANGARH
Rajasthan,JAIPUR
Rajasthan,JAISALMER
Rajasthan,JALORE
Rajasthan,JHALAWAR
Rajasthan,JHUNJHUNU
Rajasthan,JODHPUR
Rajasthan,KARAULI
Rajasthan,KOTA
Rajasthan,NAGAUR
Rajasthan,PALI
Rajasthan,PRATAPGARH
Rajasthan,RAJSAMAND
Rajasthan,SAWAI MADHOPUR
Rajasthan,SIKAR
Rajasthan,SIROHI
Rajasthan,TONK
Rajasthan,UDAIPUR
Sikkim,EAST DISTRICT
Sikkim,NORTH DISTRICT
Sikkim,SOUTH DISTRICT
Sikkim,WEST DISTRICT
Tamil Nadu,ARIYALUR
Tamil Nadu,CHENGALPATTU
Tamil Nadu,CHENNAI
Tamil Nadu,COIMBATORE
Tamil Nadu,CUDDALORE
Tamil Nadu,DHARMAPURI
Tamil Nadu,DINDIGUL
Tamil Nadu,ERODE
Tamil Nadu,KALLAKURICHI
Tamil Nadu,KANCHIPURAM
Tamil Nadu,KANNIYAKUMARI
Tamil Nadu,KARAIKAL
Tamil Nadu,KARUR
Tamil Nadu,KRISHNAGIRI
Tamil Nadu,MADURAI
Tamil Nadu,NAGAPATTINAM
Tamil Nadu,NAMAKKAL
Tamil Nadu,PERAMBALUR
Tamil Nadu,PUDUKKOTTAI
Tamil Nadu,RAMANATHAPURAM
Tamil Nadu,RANIPET
Tamil Nadu,SALEM
Tamil Nadu,SIVAGANGA
Tamil Nadu,TENKASI
Tamil Nadu,THANJAVUR
Tamil Nadu,THE NILGIRIS
Tamil Nadu,THENI
Tamil Nadu,THIRUVALLUR
Tamil Nadu,THIRUVARUR
Tamil Nadu,TIRUCHIRAPPALLI
Tamil Nadu,TIRUNELVELI
Tamil Nadu,TIRUPATHUR
Tamil Nadu,TIRUPPUR
Tamil Nadu,TIRUVANNAMALAI
Tamil Nadu,TUTICORIN
Tamil Nadu,VELLORE
Tamil Nadu,VILLUPURAM
Tamil Nadu,VIRUDHUNAGAR
Telangana,ADILABAD
Telangana,BHADRADRI KOTHAGUDEM
Telangana,HYDERABAD
Telangana,JAGITIAL
Telangana,JANGOAN
Telangana,JAYASHANKAR BHUPALAPALLY
Telangana,JOGULAMBA GADWAL
Telangana,KAMAREDDY
Telangana,KARIMNAGAR
Telangana,KHAMMAM
Telangana,KUMURAM BHEEM ASIFABAD
Telangana,MAHABUBABAD
Telangana,MAHABUBNAGAR
Telangana,MANCHERIAL
Telangana,MEDAK
Telangana,MEDCHAL MALKAJGIRI
Telangana,MULUGU
Telangana,NAGARKURNOOL
Telangana,NALGONDA
Telangana,NARAYANPET
Telangana,NIRMAL
Telangana,NIZAMABAD
Telangana,PEDDAPALLI
Telangana,RAJANNA SIRCILLA
Telangana,RANGA REDDY
Telangana,SANGAREDDY
Telangana,SIDDIPET
Telangana,SURYAPET
Telangana,VIKARABAD
Telangana,WANAPARTHY
Telangana,WARANGAL RURAL
Telangana,WARANGAL URBAN
Telangana,YADADRI BHUVANAGIRI
Tripura,DHALAI
Tripura,GOMATI
Tripura,KHOWAI
Tripura,NORTH TRIPURA
Tripura,SEPAHIJALA
Tripura,SOUTH TRIPURA
Tripura,UNAKOTI
Tripura,WEST TRIPURA
Uttar Pradesh,AGRA
Uttar Pradesh,ALIGARH
Uttar Pradesh,AMBEDKAR NAGAR
Uttar Pradesh,AMETHI
Uttar Pradesh,AMROHA
Uttar Pradesh,AURAIYA
Uttar Pradesh,AYODHYA
Uttar Pradesh,AZAMGARH
Uttar Pradesh,BAGHPAT
Uttar Pradesh,BAHRAICH
Uttar Pradesh,BALLIA
Uttar Pradesh,BALRAMPUR
Uttar Pradesh,BANDA
Uttar Pradesh,BARABANKI
Uttar Pradesh,BAREILLY
Uttar Pradesh,BASTI
Uttar Pradesh,BHADOHI
Uttar Pradesh,BIJNOR
Uttar Pradesh,BUDAUN
Uttar Pradesh,BULANDSHAHR
Uttar Pradesh,CHANDAULI
Uttar Pradesh,CHITRAKOOT
Uttar Pradesh,DEORIA
Uttar Pradesh,ETAH
Uttar Pradesh,ETAWAH
Uttar Pradesh,FARRUKHABAD
Uttar Pradesh,FATEHPUR
Uttar Pradesh,FIROZABAD
Uttar Pradesh,GAUTAM BUDDHA NAGAR
Uttar Pradesh,GHAZIABAD
Uttar Pradesh,GHAZIPUR
Uttar Pradesh,GONDA
Uttar Pradesh,GORAKHPUR
Uttar Pradesh,HAMIRPUR
Uttar Pradesh,HAPUR
Uttar Pradesh,HARDOI
Uttar Pradesh,HATHRAS
Uttar Pradesh,JALAUN
Uttar Pradesh,JAUNPUR
Uttar Pradesh,JHANSI
Uttar Pradesh,KANNAUJ
Uttar Pradesh,KANPUR DEHAT
Uttar Pradesh,KANPUR NAGAR
Uttar Pradesh,KASGANJ
Uttar Pradesh,KAUSHAMBI
Uttar Pradesh,KHERI
Uttar Pradesh,KUSHI NAGAR
Uttar Pradesh,LALITPUR
Uttar Pradesh,LUCKNOW
Uttar Pradesh,MAHARAJGANJ
Uttar Pradesh,MAHOBA
Uttar Pradesh,MAINPURI
Uttar Pradesh,MATHURA
Uttar Pradesh,MAU
Uttar Pradesh,MEERUT
Uttar Pradesh,MIRZAPUR
Uttar Pradesh,MORADABAD
Uttar Pradesh,MUZAFFARNAGAR
Uttar Pradesh,PILIBHIT
Uttar Pradesh,PRATAPGARH
Uttar Pradesh,PRAYAGRAJ
Uttar Pradesh,RAE BARELI
Uttar Pradesh,SAHARANPUR
Uttar Pradesh,SAMBHAL
Uttar Pradesh,SANT KABEER NAGAR
Uttar Pradesh,SHAHJAHANPUR
Uttar Pradesh,SHAMLI
Uttar Pradesh,SHRAVASTI
Uttar Pradesh,SIDDHARTH NAGAR
Uttar Pradesh,SITAPUR
Uttar Pradesh,SONBHADRA
Uttar Pradesh,SULTANPUR
Uttar Pradesh,UNNAO
Uttar Pradesh,VARANASI
Uttarakhand,ALMORA
Uttarakhand,BAGESHWAR
Uttarakhand,CHAMOLI
Uttarakhand,CHAMPAWAT
Uttarakhand,DEHRADUN
Uttarakhand,HARIDWAR
Uttarakhand,NAINITAL
Uttarakhand,PAURI GARHWAL
Uttarakhand,PITHORAGARH
Uttarakhand,RUDRA PRAYAG
Uttarakhand,TEHRI GARHWAL
Uttarakhand,UDAM SINGH NAGAR
Uttarakhand,UTTAR KASHI
West Bengal,24 PARAGANAS NORTH
West Bengal,24 PARAGANAS SOUTH
West Bengal,ALIPURDUAR
West Bengal,BANKURA
West Bengal,BIRBHUM
West Bengal,COOCHBEHAR
West Bengal,DARJEELING
West Bengal,DINAJPUR DAKSHIN
West Bengal,DINAJPUR UTTAR
West Bengal,HOOGHLY
West Bengal,HOWRAH
West Bengal,JALPAIGURI
West Bengal,JHARGRAM
West Bengal,KALIMPONG
West Bengal,KOLKATA
West Bengal,MALDAH
West Bengal,MEDINIPUR EAST
West Bengal,MEDINIPUR WEST
West Bengal,MURSHIDABAD
West Bengal,NADIA
West Bengal,PASCHIM BARDHAMAN
West Bengal,PURBA BARDHAMAN
West Bengal,PURULIA
